{
  "type": "FeatureCollection",
  "features": [
    {
      "geometry": {
        "type": "Point",
        "coordinates": [
          -106.5811066,
          36.9033398
        ]
      },
      "type": "Feature",
      "properties": {
        "name": "CHAMA Post Office",
        "url": "https://tools.usps.com/find-location.htm?location=1357592",
        "address": "5th Street, Chama, Rio Arriba County, New Mexico, 87520, United States"
      }
    },
    {
      "geometry": {
        "type": "Point",
        "coordinates": [
          -121.59476981632653,
          40.34829318367347
        ]
      },
      "type": "Feature",
      "properties": {
        "name": "MINERAL Post Office",
        "url": "https://tools.usps.com/find-location.htm?location=1373296",
        "address": "38450, CA 36, Mineral, Tehama County, CAL Fire Northern Region, California, 96063, United States"
      }
    },
    {
      "geometry": {
        "type": "Point",
        "coordinates": [
          -98.2068108,
          38.2065761
        ]
      },
      "type": "Feature",
      "properties": {
        "name": "STERLING Post Office",
        "url": "https://tools.usps.com/find-location.htm?location=1383520",
        "address": "South Broadway Avenue, Sterling, Rice County, Kansas, 67579, United States"
      }
    },
    {
      "geometry": {
        "type": "Point",
        "coordinates": [
          -99.124063648638,
          26.56097715823008
        ]
      },
      "type": "Feature",
      "properties": {
        "name": "FALCON HEIGHTS Post Office",
        "url": "https://tools.usps.com/find-location.htm?location=1363064",
        "address": "582, Farm to Market Road 2098, Falcon Heights, Starr County, Texas, 78545, United States"
      }
    },
    {
      "geometry": {
        "type": "Point",
        "coordinates": [
          -89.09791661051527,
          41.32893354046188
        ]
      },
      "type": "Feature",
      "properties": {
        "name": "LA SALLE Post Office",
        "url": "https://tools.usps.com/find-location.htm?location=1369426",
        "address": "524, 2nd Street, LaSalle, LaSalle County, Illinois, 61301, United States"
      }
    },
    {
      "geometry": {
        "type": "Point",
        "coordinates": [
          -74.35718859734033,
          41.2594894
        ]
      },
      "type": "Feature",
      "properties": {
        "name": "WARWICK Post Office",
        "url": "https://tools.usps.com/find-location.htm?location=1386473",
        "address": "Albert Wisner Buckbee Center/ Warwick Historical Society, 108, Main Street, Village of Warwick, Town of Warwick, Orange County, New York, 10990, United States"
      }
    },
    {
      "geometry": {
        "type": "Point",
        "coordinates": [
          -69.98960766743605,
          41.78657925
        ]
      },
      "type": "Feature",
      "properties": {
        "name": "ORLEANS Post Office",
        "url": "https://tools.usps.com/find-location.htm?location=1376298",
        "address": "56, Main Street, Orleans, Barnstable County, Massachusetts, 02653, United States"
      }
    },
    {
      "geometry": {
        "type": "Point",
        "coordinates": [
          -120.6361352,
          39.5656132
        ]
      },
      "type": "Feature",
      "properties": {
        "name": "SIERRA CITY Post Office",
        "url": "https://tools.usps.com/find-location.htm?location=1381635",
        "address": "215, Main Street, Sierra City, Sierra County, California, 96125, United States"
      }
    },
    {
      "geometry": {
        "type": "Point",
        "coordinates": [
          -72.84034362619758,
          41.71046890397815
        ]
      },
      "type": "Feature",
      "properties": {
        "name": "FARMINGTON Post Office",
        "url": "https://tools.usps.com/find-location.htm?location=1363177",
        "address": "210, Main Street, Farmington Historic District, Farmington, Capitol Planning Region, Connecticut, 06032, United States"
      }
    },
    {
      "geometry": {
        "type": "Point",
        "coordinates": [
          -85.30828806938042,
          35.04554483319587
        ]
      },
      "type": "Feature",
      "properties": {
        "name": "DOWNTOWN CHATTANOOGA Post Office",
        "url": "https://tools.usps.com/find-location.htm?location=1361203",
        "address": "910, Georgia Avenue, Chattanooga, Hamilton County, East Tennessee, Tennessee, 37402, United States"
      }
    },
    {
      "geometry": {
        "type": "Point",
        "coordinates": [
          -77.57914907142857,
          35.260162642857146
        ]
      },
      "type": "Feature",
      "properties": {
        "name": "KINSTON Post Office",
        "url": "https://tools.usps.com/find-location.htm?location=1438181",
        "address": "208, East Caswell Street, Grove Park, Kinston, Lenoir County, North Carolina, 28501, United States"
      }
    },
    {
      "geometry": {
        "type": "Point",
        "coordinates": [
          -84.19388377777778,
          43.08621078787879
        ]
      },
      "type": "Feature",
      "properties": {
        "name": "HENDERSON Post Office",
        "url": "https://tools.usps.com/find-location.htm?location=1366707",
        "address": "121, East Main Street, Henderson, Rush Township, Shiawassee County, Michigan, 48841, United States"
      }
    },
    {
      "geometry": {
        "type": "Point",
        "coordinates": [
          -82.27266921914078,
          37.179162087154
        ]
      },
      "type": "Feature",
      "properties": {
        "name": "BIRCHLEAF Post Office",
        "url": "https://tools.usps.com/find-location.htm?location=1437263",
        "address": "166, Rakes Ridge Road, Birchleaf, Dickenson County, Virginia, 24220, United States"
      }
    },
    {
      "geometry": {
        "type": "Point",
        "coordinates": [
          -90.73392141666667,
          38.16582344444445
        ]
      },
      "type": "Feature",
      "properties": {
        "name": "FLETCHER Post Office",
        "url": "https://tools.usps.com/find-location.htm?location=1363517",
        "address": "7682, Old State Highway H, Fletcher, Big River Township, Jefferson County, Missouri, 63020, United States"
      }
    },
    {
      "geometry": {
        "type": "Point",
        "coordinates": [
          -83.02680554432166,
          39.967877254033525
        ]
      },
      "type": "Feature",
      "properties": {
        "name": "COLUMBUS Post Office",
        "url": "https://tools.usps.com/find-location.htm?location=1436941",
        "address": "850, Twin Rivers Drive, Dana G. \"Buck\" Rinehart Public Utilities Complex, Columbus, Franklin County, Ohio, 43216, United States"
      }
    },
    {
      "geometry": {
        "type": "Point",
        "coordinates": [
          -82.606919,
          38.234518
        ]
      },
      "type": "Feature",
      "properties": {
        "name": "PRICHARD Post Office",
        "url": "https://tools.usps.com/find-location.htm?location=1378400",
        "address": "1, North Robertson Street, Prichard, Wayne County, West Virginia, 25555, United States"
      }
    },
    {
      "geometry": {
        "type": "Point",
        "coordinates": [
          -119.08448475376572,
          43.5614256405231
        ]
      },
      "type": "Feature",
      "properties": {
        "name": "HINES Post Office",
        "url": "https://tools.usps.com/find-location.htm?location=1367079",
        "address": "128, Southwest Circle Drive, Hines, Harney County, Oregon, 97738, United States"
      }
    },
    {
      "geometry": {
        "type": "Point",
        "coordinates": [
          -89.8719314,
          35.3280045
        ]
      },
      "type": "Feature",
      "properties": {
        "name": "NAVAL AIR STATION MEMPHIS Post Office",
        "url": "https://tools.usps.com/find-location.htm?location=1437229",
        "address": "Integrity Drive, Millington, Shelby County, West Tennessee, Tennessee, 38054, United States"
      }
    },
    {
      "geometry": {
        "type": "Point",
        "coordinates": [
          -97.59347823427652,
          39.030754777210184
        ]
      },
      "type": "Feature",
      "properties": {
        "name": "BENNINGTON Post Office",
        "url": "https://tools.usps.com/find-location.htm?location=1354657",
        "address": "116, North Nelson Street, Bennington, Ottawa County, Kansas, 67422, United States"
      }
    },
    {
      "geometry": {
        "type": "Point",
        "coordinates": [
          -85.471747,
          38.478461
        ]
      },
      "type": "Feature",
      "properties": {
        "name": "WESTPORT Post Office",
        "url": "https://tools.usps.com/find-location.htm?location=1387360",
        "address": "Main Street, Westport, Oldham County, Kentucky, 40077, United States"
      }
    },
    {
      "geometry": {
        "type": "Point",
        "coordinates": [
          -92.480718,
          38.765601
        ]
      },
      "type": "Feature",
      "properties": {
        "name": "JAMESTOWN Post Office",
        "url": "https://tools.usps.com/find-location.htm?location=1368254",
        "address": "100, West Row Street, Jamestown, Moniteau County, Missouri, 65046, United States"
      }
    },
    {
      "geometry": {
        "type": "Point",
        "coordinates": [
          -76.33865185542318,
          37.55486533342641
        ]
      },
      "type": "Feature",
      "properties": {
        "name": "DELTAVILLE Post Office",
        "url": "https://tools.usps.com/find-location.htm?location=1360646",
        "address": "17283, General Puller Highway, Amburg, Hardyville, Middlesex County, Virginia, 23043, United States"
      }
    },
    {
      "geometry": {
        "type": "Point",
        "coordinates": [
          -86.93606950675243,
          33.58846820478033
        ]
      },
      "type": "Feature",
      "properties": {
        "name": "ADAMSVILLE Post Office",
        "url": "https://tools.usps.com/find-location.htm?location=1352364",
        "address": "3609, Gray Avenue, Adamsville, Jefferson County, Alabama, 35005, United States"
      }
    },
    {
      "geometry": {
        "type": "Point",
        "coordinates": [
          -81.666588125,
          35.250994874999996
        ]
      },
      "type": "Feature",
      "properties": {
        "name": "BOILING SPRINGS Post Office",
        "url": "https://tools.usps.com/find-location.htm?location=1355340",
        "address": "101, North Main Street, Boiling Springs, Cleveland County, North Carolina, 28017, United States"
      }
    },
    {
      "geometry": {
        "type": "Point",
        "coordinates": [
          -116.10537346969697,
          40.71826166666666
        ]
      },
      "type": "Feature",
      "properties": {
        "name": "CARLIN Post Office",
        "url": "https://tools.usps.com/find-location.htm?location=1357019",
        "address": "1106, Chestnut Street, Carlin, Elko County, Nevada, 89822, United States"
      }
    },
    {
      "geometry": {
        "type": "Point",
        "coordinates": [
          -83.43794462930046,
          33.81775099359515
        ]
      },
      "type": "Feature",
      "properties": {
        "name": "BISHOP Post Office",
        "url": "https://tools.usps.com/find-location.htm?location=1355027",
        "address": "4861, Macon Highway, Bishop, Oconee County, Georgia, 30621, United States"
      }
    },
    {
      "geometry": {
        "type": "Point",
        "coordinates": [
          -80.101465,
          26.921436
        ]
      },
      "type": "Feature",
      "properties": {
        "name": "JUPITER Post Office",
        "url": "https://tools.usps.com/find-location.htm?location=1368621",
        "address": "Jupiter Post Office, 1095, Military Trail, Jupiter, Palm Beach County, Florida, 33458, United States"
      }
    },
    {
      "geometry": {
        "type": "Point",
        "coordinates": [
          -91.65017505512655,
          45.314162749731736
        ]
      },
      "type": "Feature",
      "properties": {
        "name": "CHETEK Post Office",
        "url": "https://tools.usps.com/find-location.htm?location=1357886",
        "address": "535, 1st Street, Chetek, Barron County, Wisconsin, 54728, United States"
      }
    },
    {
      "geometry": {
        "type": "Point",
        "coordinates": [
          -97.13226977491988,
          33.216537870996795
        ]
      },
      "type": "Feature",
      "properties": {
        "name": "DENTON Post Office",
        "url": "https://tools.usps.com/find-location.htm?location=1360693",
        "address": "101, East McKinney Street, Denton, Denton County, Texas, 76201, United States"
      }
    },
    {
      "geometry": {
        "type": "Point",
        "coordinates": [
          -78.319624,
          42.76681
        ]
      },
      "type": "Feature",
      "properties": {
        "name": "VARYSBURG Post Office",
        "url": "https://tools.usps.com/find-location.htm?location=1385773",
        "address": "Old State Route 20A, Varysburg, Town of Sheldon, Orangeville, Wyoming County, New York, 14167, United States"
      }
    },
    {
      "geometry": {
        "type": "Point",
        "coordinates": [
          -81.1375245,
          37.750157
        ]
      },
      "type": "Feature",
      "properties": {
        "name": "BEAVER Post Office",
        "url": "https://tools.usps.com/find-location.htm?location=1354366",
        "address": "123, Beaver Plaza Drive, Beaver, Raleigh County, West Virginia, 25813, United States"
      }
    },
    {
      "geometry": {
        "type": "Point",
        "coordinates": [
          -94.1020539818706,
          30.08456915
        ]
      },
      "type": "Feature",
      "properties": {
        "name": "DOWNTOWN BEAUMONT Post Office",
        "url": "https://tools.usps.com/find-location.htm?location=1361141",
        "address": "United States Post Office, 300, Willow Street, NR CBD, Beaumont, Jefferson County, Texas, 77701, United States"
      }
    },
    {
      "geometry": {
        "type": "Point",
        "coordinates": [
          -77.26783870797216,
          38.63184864612256
        ]
      },
      "type": "Feature",
      "properties": {
        "name": "WOODBRIDGE Post Office",
        "url": "https://tools.usps.com/find-location.htm?location=1388159",
        "address": "1810, Reddy Drive, Featherstone, Woodbridge, Prince William County, Virginia, 22191, United States"
      }
    },
    {
      "geometry": {
        "type": "Point",
        "coordinates": [
          -76.83336971036833,
          37.1380518
        ]
      },
      "type": "Feature",
      "properties": {
        "name": "SURRY Post Office",
        "url": "https://tools.usps.com/find-location.htm?location=1384050",
        "address": "91, Colonial Trail East, Surry, Surry County, Virginia, 23883, United States"
      }
    },
    {
      "geometry": {
        "type": "Point",
        "coordinates": [
          -83.82514856009944,
          34.30407855
        ]
      },
      "type": "Feature",
      "properties": {
        "name": "GAINESVILLE Post Office",
        "url": "https://tools.usps.com/find-location.htm?location=1364317",
        "address": "364, Green Street Northeast, Gainesville, Hall County, Georgia, 30501, United States"
      }
    },
    {
      "geometry": {
        "type": "Point",
        "coordinates": [
          -105.16397548487791,
          38.368700252868344
        ]
      },
      "type": "Feature",
      "properties": {
        "name": "ROCKVALE Post Office",
        "url": "https://tools.usps.com/find-location.htm?location=1379694",
        "address": "615, Railroad Street, Rockvale, Fremont County, Colorado, 81244, United States"
      }
    },
    {
      "geometry": {
        "type": "Point",
        "coordinates": [
          -80.85298798126198,
          28.86403928995317
        ]
      },
      "type": "Feature",
      "properties": {
        "name": "OAK HILL Post Office",
        "url": "https://tools.usps.com/find-location.htm?location=1375719",
        "address": "129, West Halifax Avenue, Oak Hill, Volusia County, Florida, 32759, United States"
      }
    },
    {
      "geometry": {
        "type": "Point",
        "coordinates": [
          -117.526942,
          45.5703203877551
        ]
      },
      "type": "Feature",
      "properties": {
        "name": "WALLOWA Post Office",
        "url": "https://tools.usps.com/find-location.htm?location=1386284",
        "address": "104, North Storie Street, Wallowa, Wallowa County, Oregon, 97885, United States"
      }
    },
    {
      "geometry": {
        "type": "Point",
        "coordinates": [
          -77.13827874106569,
          38.76887
        ]
      },
      "type": "Feature",
      "properties": {
        "name": "KINGSTOWNE Post Office",
        "url": "https://tools.usps.com/find-location.htm?location=1437703",
        "address": "United States Post Office, 5900, Barclay Drive, Alexandria, Fairfax County, Virginia, 22315, United States"
      }
    },
    {
      "geometry": {
        "type": "Point",
        "coordinates": [
          -117.3707894323122,
          48.86220189343375
        ]
      },
      "type": "Feature",
      "properties": {
        "name": "METALINE FALLS Post Office",
        "url": "https://tools.usps.com/find-location.htm?location=1372838",
        "address": "224, 5th Avenue, Metaline Falls, Pend Oreille County, Washington, 99153, United States"
      }
    },
    {
      "geometry": {
        "type": "Point",
        "coordinates": [
          -117.78178871840242,
          48.91595448581594
        ]
      },
      "type": "Feature",
      "properties": {
        "name": "NORTHPORT Post Office",
        "url": "https://tools.usps.com/find-location.htm?location=1375536",
        "address": "409, Center Avenue, Northport, Stevens County, Washington, 99157, United States"
      }
    },
    {
      "geometry": {
        "type": "Point",
        "coordinates": [
          -117.78178871840242,
          48.91595448581594
        ]
      },
      "type": "Feature",
      "properties": {
        "name": "NORTHPORT Post Office",
        "url": "https://tools.usps.com/find-location.htm?location=1375536",
        "address": "409, Center Avenue, Northport, Stevens County, Washington, 99157, United States"
      }
    },
    {
      "geometry": {
        "type": "Point",
        "coordinates": [
          -76.33865185542318,
          37.55486533342641
        ]
      },
      "type": "Feature",
      "properties": {
        "name": "DELTAVILLE Post Office",
        "url": "https://tools.usps.com/find-location.htm?location=1360646",
        "address": "17283, General Puller Highway, Amburg, Hardyville, Middlesex County, Virginia, 23043, United States"
      }
    },
    {
      "geometry": {
        "type": "Point",
        "coordinates": [
          -117.277457,
          45.42654
        ]
      },
      "type": "Feature",
      "properties": {
        "name": "ENTERPRISE Post Office",
        "url": "https://tools.usps.com/find-location.htm?location=1362659",
        "address": "201, North River Street, Enterprise, Wallowa County, Oregon, 97828, United States"
      }
    },
    {
      "geometry": {
        "type": "Point",
        "coordinates": [
          -81.92387306702906,
          41.44968035
        ]
      },
      "type": "Feature",
      "properties": {
        "name": "WESTLAKE Post Office",
        "url": "https://tools.usps.com/find-location.htm?location=1437099",
        "address": "Westlake Post Office, 27300, Center Ridge Road, Westlake, Cuyahoga County, Ohio, 44145, United States"
      }
    },
    {
      "geometry": {
        "type": "Point",
        "coordinates": [
          -80.241942,
          36.113366
        ]
      },
      "type": "Feature",
      "properties": {
        "name": "WINSTON SALEM Post Office",
        "url": "https://tools.usps.com/find-location.htm?location=1388037",
        "address": "1500, North Patterson Avenue, Winston-Salem, Forsyth County, North Carolina, 27105, United States"
      }
    },
    {
      "geometry": {
        "type": "Point",
        "coordinates": [
          -80.241942,
          36.113366
        ]
      },
      "type": "Feature",
      "properties": {
        "name": "WINSTON SALEM Post Office",
        "url": "https://tools.usps.com/find-location.htm?location=1388037",
        "address": "1500, North Patterson Avenue, Winston-Salem, Forsyth County, North Carolina, 27105, United States"
      }
    },
    {
      "geometry": {
        "type": "Point",
        "coordinates": [
          -74.00659814285714,
          40.80194928571429
        ]
      },
      "type": "Feature",
      "properties": {
        "name": "WOODCLIFF Post Office",
        "url": "https://tools.usps.com/find-location.htm?location=1388174",
        "address": "7915, Bergenline Avenue, Hudson Heights, North Bergen, Hudson County, New Jersey, 07047, United States"
      }
    },
    {
      "geometry": {
        "type": "Point",
        "coordinates": [
          -78.75723342857142,
          39.65073628571429
        ]
      },
      "type": "Feature",
      "properties": {
        "name": "CUMBERLAND Post Office",
        "url": "https://tools.usps.com/find-location.htm?location=1360025",
        "address": "215, Park Street, Rolling Mills, Cumberland, Allegany County, Maryland, 21502, United States"
      }
    },
    {
      "geometry": {
        "type": "Point",
        "coordinates": [
          -80.99804956808896,
          29.137672446651596
        ]
      },
      "type": "Feature",
      "properties": {
        "name": "PORT ORANGE Post Office",
        "url": "https://tools.usps.com/find-location.htm?location=1433254",
        "address": "725, Dunlawton Avenue, Port Orange, Volusia County, Florida, 32127, United States"
      }
    },
    {
      "geometry": {
        "type": "Point",
        "coordinates": [
          -122.24236866138834,
          47.20673175378589
        ]
      },
      "type": "Feature",
      "properties": {
        "name": "SUMNER Post Office",
        "url": "https://tools.usps.com/find-location.htm?location=1383944",
        "address": "1313, Fryar Avenue, Sumner, Pierce County, Washington, 98390, United States"
      }
    },
    {
      "geometry": {
        "type": "Point",
        "coordinates": [
          -104.22807768109286,
          32.42294415
        ]
      },
      "type": "Feature",
      "properties": {
        "name": "CARLSBAD Post Office",
        "url": "https://tools.usps.com/find-location.htm?location=1357037",
        "address": "Carlsbad Post Office, 301, North Canyon Street, Carlsbad, Eddy County, New Mexico, 88220, United States"
      }
    },
    {
      "geometry": {
        "type": "Point",
        "coordinates": [
          -121.3757243,
          38.9794961
        ]
      },
      "type": "Feature",
      "properties": {
        "name": "SHERIDAN Post Office",
        "url": "https://tools.usps.com/find-location.htm?location=1381484",
        "address": "Sheridan Lincoln Boulevard, Sheridan, Placer County, California, 95681, United States"
      }
    },
    {
      "geometry": {
        "type": "Point",
        "coordinates": [
          -84.19388377777778,
          43.08621078787879
        ]
      },
      "type": "Feature",
      "properties": {
        "name": "HENDERSON Post Office",
        "url": "https://tools.usps.com/find-location.htm?location=1366707",
        "address": "121, East Main Street, Henderson, Rush Township, Shiawassee County, Michigan, 48841, United States"
      }
    },
    {
      "geometry": {
        "type": "Point",
        "coordinates": [
          -98.244881,
          34.82239467346939
        ]
      },
      "type": "Feature",
      "properties": {
        "name": "FLETCHER Post Office",
        "url": "https://tools.usps.com/find-location.htm?location=1363516",
        "address": "103, Selby Street, Fletcher, Comanche County, Oklahoma, 73541, United States"
      }
    },
    {
      "geometry": {
        "type": "Point",
        "coordinates": [
          -89.10914783501661,
          39.286944072956864
        ]
      },
      "type": "Feature",
      "properties": {
        "name": "OCONEE Post Office",
        "url": "https://tools.usps.com/find-location.htm?location=1375880",
        "address": "10, Oak Street, Oconee, Shelby County, Illinois, 62553, United States"
      }
    },
    {
      "geometry": {
        "type": "Point",
        "coordinates": [
          -92.1270716,
          34.8674538
        ]
      },
      "type": "Feature",
      "properties": {
        "name": "JACKSONVILLE Post Office",
        "url": "https://tools.usps.com/find-location.htm?location=1368214",
        "address": "Main Street, Jacksonville, Pulaski County, Arkansas, 72076, United States"
      }
    },
    {
      "geometry": {
        "type": "Point",
        "coordinates": [
          -80.3901945,
          25.5591642
        ]
      },
      "type": "Feature",
      "properties": {
        "name": "GOULDS Post Office",
        "url": "https://tools.usps.com/find-location.htm?location=1438691",
        "address": "22350, Old Dixie Highway, Goulds, Miami-Dade County, Florida, 33170, United States"
      }
    },
    {
      "geometry": {
        "type": "Point",
        "coordinates": [
          -87.44455942668071,
          40.7688474
        ]
      },
      "type": "Feature",
      "properties": {
        "name": "KENTLAND Post Office",
        "url": "https://tools.usps.com/find-location.htm?location=1368902",
        "address": "United States Post Office, 309, East Graham Street, Brook, Newton County, Indiana, 47951, United States"
      }
    },
    {
      "geometry": {
        "type": "Point",
        "coordinates": [
          -122.3119556,
          41.311819
        ]
      },
      "type": "Feature",
      "properties": {
        "name": "MOUNT SHASTA Post Office",
        "url": "https://tools.usps.com/find-location.htm?location=1374070",
        "address": "Mount Shasta Post Office, 301, South Mount Shasta Boulevard, Mount Shasta, Siskiyou County, CAL Fire Northern Region, California, 96067, United States"
      }
    },
    {
      "geometry": {
        "type": "Point",
        "coordinates": [
          -122.3119556,
          41.311819
        ]
      },
      "type": "Feature",
      "properties": {
        "name": "MOUNT SHASTA Post Office",
        "url": "https://tools.usps.com/find-location.htm?location=1374070",
        "address": "Mount Shasta Post Office, 301, South Mount Shasta Boulevard, Mount Shasta, Siskiyou County, CAL Fire Northern Region, California, 96067, United States"
      }
    },
    {
      "geometry": {
        "type": "Point",
        "coordinates": [
          -75.96858363265306,
          40.50042565306122
        ]
      },
      "type": "Feature",
      "properties": {
        "name": "SHOEMAKERSVILLE Post Office",
        "url": "https://tools.usps.com/find-location.htm?location=1381567",
        "address": "511, Franklin Street, Shoemakersville, Berks County, Pennsylvania, 19555, United States"
      }
    },
    {
      "geometry": {
        "type": "Point",
        "coordinates": [
          -81.14984279456276,
          41.0241577
        ]
      },
      "type": "Feature",
      "properties": {
        "name": "ATWATER Post Office",
        "url": "https://tools.usps.com/find-location.htm?location=1353635",
        "address": "6713, Waterloo Road, Atwater, Atwater Township, Portage County, Ohio, 44201, United States"
      }
    },
    {
      "geometry": {
        "type": "Point",
        "coordinates": [
          -86.93606950675243,
          33.58846820478033
        ]
      },
      "type": "Feature",
      "properties": {
        "name": "ADAMSVILLE Post Office",
        "url": "https://tools.usps.com/find-location.htm?location=1352364",
        "address": "3609, Gray Avenue, Adamsville, Jefferson County, Alabama, 35005, United States"
      }
    },
    {
      "geometry": {
        "type": "Point",
        "coordinates": [
          -111.337695,
          43.449666
        ]
      },
      "type": "Feature",
      "properties": {
        "name": "SWAN VALLEY Post Office",
        "url": "https://tools.usps.com/find-location.htm?location=1384087",
        "address": "3004, Swan Valley Highway, Swan Valley, Bonneville County, Idaho, 83449, United States"
      }
    },
    {
      "geometry": {
        "type": "Point",
        "coordinates": [
          -87.31672864617194,
          36.55959584944296
        ]
      },
      "type": "Feature",
      "properties": {
        "name": "CLARKSVILLE Post Office",
        "url": "https://tools.usps.com/find-location.htm?location=1358212",
        "address": "2031, Wilma Rudolph Boulevard, Meadow Lane, Clarksville, Montgomery County, Tennessee, 37040, United States"
      }
    },
    {
      "geometry": {
        "type": "Point",
        "coordinates": [
          -71.31458499329051,
          42.648342317081514
        ]
      },
      "type": "Feature",
      "properties": {
        "name": "LOWELL Post Office",
        "url": "https://tools.usps.com/find-location.htm?location=1371061",
        "address": "155, Father Morissette Boulevard, The Acre, Lowell, Middlesex County, Massachusetts, 01854, United States"
      }
    },
    {
      "geometry": {
        "type": "Point",
        "coordinates": [
          -122.12435808063313,
          37.451681199999996
        ]
      },
      "type": "Feature",
      "properties": {
        "name": "PALO ALTO Post Office",
        "url": "https://tools.usps.com/find-location.htm?location=1376686",
        "address": "Palo Alto Main Post Office, 2085, East Bayshore Road, Palo Alto, Santa Clara County, California, 94303, United States"
      }
    },
    {
      "geometry": {
        "type": "Point",
        "coordinates": [
          -104.09186449989906,
          38.8398317
        ]
      },
      "type": "Feature",
      "properties": {
        "name": "RUSH Post Office",
        "url": "https://tools.usps.com/find-location.htm?location=1380100",
        "address": "USPS, 455, North Rush Road, Rush, El Paso County, Colorado, 80833, United States"
      }
    },
    {
      "geometry": {
        "type": "Point",
        "coordinates": [
          -79.74075891661653,
          40.154577950000004
        ]
      },
      "type": "Feature",
      "properties": {
        "name": "SMITHTON Post Office",
        "url": "https://tools.usps.com/find-location.htm?location=1381895",
        "address": "Smithton Post Office, 222, 2nd Street, Smithton, Westmoreland County, Pennsylvania, 15479, United States"
      }
    },
    {
      "geometry": {
        "type": "Point",
        "coordinates": [
          -96.7220368,
          41.2659506
        ]
      },
      "type": "Feature",
      "properties": {
        "name": "MALMO Post Office",
        "url": "https://tools.usps.com/find-location.htm?location=1371557",
        "address": "Center Avenue, Malmo, Saunders County, Nebraska, 68040, United States"
      }
    },
    {
      "geometry": {
        "type": "Point",
        "coordinates": [
          -71.539641,
          44.271323
        ]
      },
      "type": "Feature",
      "properties": {
        "name": "TWIN MOUNTAIN Post Office",
        "url": "https://tools.usps.com/find-location.htm?location=1385254",
        "address": "US Route 3 North, Twin Mountain, Carroll, Coös County, New Hampshire, 03595, United States"
      }
    },
    {
      "geometry": {
        "type": "Point",
        "coordinates": [
          -77.4491536,
          37.6055197
        ]
      },
      "type": "Feature",
      "properties": {
        "name": "BELLEVUE Post Office",
        "url": "https://tools.usps.com/find-location.htm?location=1437262",
        "address": "5327, Chamberlayne Road, Brook Hill, Richmond, Henrico County, Virginia, 23227, United States"
      }
    },
    {
      "geometry": {
        "type": "Point",
        "coordinates": [
          -79.49951306040683,
          39.14769415
        ]
      },
      "type": "Feature",
      "properties": {
        "name": "THOMAS Post Office",
        "url": "https://tools.usps.com/find-location.htm?location=1384551",
        "address": "Thomas Post Office, 51, East Avenue, Thomas, Tucker County, West Virginia, 26292, United States"
      }
    },
    {
      "geometry": {
        "type": "Point",
        "coordinates": [
          -73.15786397764498,
          42.56184055
        ]
      },
      "type": "Feature",
      "properties": {
        "name": "CHESHIRE Post Office",
        "url": "https://tools.usps.com/find-location.htm?location=1357832",
        "address": "214, Church Street, Cheshire, Berkshire County, Massachusetts, 01225, United States"
      }
    },
    {
      "geometry": {
        "type": "Point",
        "coordinates": [
          -119.989952,
          38.1899232
        ]
      },
      "type": "Feature",
      "properties": {
        "name": "PINECREST Post Office",
        "url": "https://tools.usps.com/find-location.htm?location=1377564",
        "address": "Pinecrest Lake Road, Tuolumne County, CAL Fire Southern Region, California, 95364, United States"
      }
    },
    {
      "geometry": {
        "type": "Point",
        "coordinates": [
          -71.73707579122596,
          42.84261415
        ]
      },
      "type": "Feature",
      "properties": {
        "name": "WILTON Post Office",
        "url": "https://tools.usps.com/find-location.htm?location=1387891",
        "address": "United States Post Office 03086, 79, Main Street, Wilton, Hillsborough County, New Hampshire, 03086, United States"
      }
    },
    {
      "geometry": {
        "type": "Point",
        "coordinates": [
          -90.38233976530613,
          34.68802208163265
        ]
      },
      "type": "Feature",
      "properties": {
        "name": "TUNICA Post Office",
        "url": "https://tools.usps.com/find-location.htm?location=1385151",
        "address": "912, Magnolia Street, Tunica, Tunica County, Mississippi, 38676, United States"
      }
    },
    {
      "geometry": {
        "type": "Point",
        "coordinates": [
          -117.3707894323122,
          48.86220189343375
        ]
      },
      "type": "Feature",
      "properties": {
        "name": "METALINE FALLS Post Office",
        "url": "https://tools.usps.com/find-location.htm?location=1372838",
        "address": "224, 5th Avenue, Metaline Falls, Pend Oreille County, Washington, 99153, United States"
      }
    },
    {
      "geometry": {
        "type": "Point",
        "coordinates": [
          -103.77641522804053,
          48.91164288006748
        ]
      },
      "type": "Feature",
      "properties": {
        "name": "FORTUNA Post Office",
        "url": "https://tools.usps.com/find-location.htm?location=1363873",
        "address": "190, Main Street, Fortuna, Divide County, North Dakota, 58844, United States"
      }
    },
    {
      "geometry": {
        "type": "Point",
        "coordinates": [
          -83.77540983409162,
          42.271020750000005
        ]
      },
      "type": "Feature",
      "properties": {
        "name": "ANN ARBOR Post Office",
        "url": "https://tools.usps.com/find-location.htm?location=1353102",
        "address": "Ann Arbor Post Office, 2075, West Stadium Boulevard, Ann Arbor, Washtenaw County, Michigan, 48106, United States"
      }
    },
    {
      "geometry": {
        "type": "Point",
        "coordinates": [
          -122.80515955688949,
          42.472970200000006
        ]
      },
      "type": "Feature",
      "properties": {
        "name": "EAGLE POINT Post Office",
        "url": "https://tools.usps.com/find-location.htm?location=1361593",
        "address": "United States Post Office, 236, Loto Street, Eagle Point, Jackson County, Oregon, 97524, United States"
      }
    },
    {
      "geometry": {
        "type": "Point",
        "coordinates": [
          -94.49585192116737,
          35.79659172690742
        ]
      },
      "type": "Feature",
      "properties": {
        "name": "EVANSVILLE Post Office",
        "url": "https://tools.usps.com/find-location.htm?location=1362851",
        "address": "20740, AR 59, Evansville, Washington County, Arkansas, 72729, United States"
      }
    },
    {
      "geometry": {
        "type": "Point",
        "coordinates": [
          -118.3944041,
          34.2168101
        ]
      },
      "type": "Feature",
      "properties": {
        "name": "SUN VALLEY Post Office",
        "url": "https://tools.usps.com/find-location.htm?location=1383968",
        "address": "Ratner Street, Sun Valley, Los Angeles, Los Angeles County, CAL Fire Contract Counties, California, 91352, United States"
      }
    },
    {
      "geometry": {
        "type": "Point",
        "coordinates": [
          -80.41426968704307,
          37.23004965
        ]
      },
      "type": "Feature",
      "properties": {
        "name": "DOWNTOWN BLACKSBURG Post Office",
        "url": "https://tools.usps.com/find-location.htm?location=1361147",
        "address": "Blacksburg Post Office, 118, North Main Street, Keister Addition, Blacksburg, Montgomery County, Virginia, 24060, United States"
      }
    },
    {
      "geometry": {
        "type": "Point",
        "coordinates": [
          -71.1730130341447,
          42.5477979
        ]
      },
      "type": "Feature",
      "properties": {
        "name": "WILMINGTON Post Office",
        "url": "https://tools.usps.com/find-location.htm?location=1387849",
        "address": "Wilmington Post Office, 18, Church Street, Wilmington, Middlesex County, Massachusetts, 01887, United States"
      }
    },
    {
      "geometry": {
        "type": "Point",
        "coordinates": [
          -94.62476071430171,
          37.6432256702204
        ]
      },
      "type": "Feature",
      "properties": {
        "name": "ARCADIA Post Office",
        "url": "https://tools.usps.com/find-location.htm?location=1353249",
        "address": "209, East Race Street, Arcadia, Crawford County, Kansas, 66711, United States"
      }
    },
    {
      "geometry": {
        "type": "Point",
        "coordinates": [
          -81.6997944,
          30.3192066
        ]
      },
      "type": "Feature",
      "properties": {
        "name": "BALDWIN Post Office",
        "url": "https://tools.usps.com/find-location.htm?location=1438615",
        "address": "Center Street, Jacksonville, Duval County, Florida, 32205, United States"
      }
    },
    {
      "geometry": {
        "type": "Point",
        "coordinates": [
          -81.6997944,
          30.3192066
        ]
      },
      "type": "Feature",
      "properties": {
        "name": "BALDWIN Post Office",
        "url": "https://tools.usps.com/find-location.htm?location=1438615",
        "address": "Center Street, Jacksonville, Duval County, Florida, 32205, United States"
      }
    },
    {
      "geometry": {
        "type": "Point",
        "coordinates": [
          -96.92631501227739,
          38.2416073885331
        ]
      },
      "type": "Feature",
      "properties": {
        "name": "MARION Post Office",
        "url": "https://tools.usps.com/find-location.htm?location=1371887",
        "address": "423, Main Street, Florence, Marion County, Kansas, 66851, United States"
      }
    },
    {
      "geometry": {
        "type": "Point",
        "coordinates": [
          -76.93455036362288,
          42.141330249999996
        ]
      },
      "type": "Feature",
      "properties": {
        "name": "BIG FLATS Post Office",
        "url": "https://tools.usps.com/find-location.htm?location=1354911",
        "address": "471, Maple Street, Big Flats, Town of Big Flats, Chemung County, New York, 14814, United States"
      }
    },
    {
      "geometry": {
        "type": "Point",
        "coordinates": [
          -104.993078,
          39.7378985
        ]
      },
      "type": "Feature",
      "properties": {
        "name": "MILE HIGH Post Office",
        "url": "https://tools.usps.com/find-location.htm?location=1373076",
        "address": "450, West 14th Avenue, Golden Triangle, Denver, Colorado, 80204, United States"
      }
    },
    {
      "geometry": {
        "type": "Point",
        "coordinates": [
          -81.45976066322817,
          34.78847546024439
        ]
      },
      "type": "Feature",
      "properties": {
        "name": "LOCKHART Post Office",
        "url": "https://tools.usps.com/find-location.htm?location=1370742",
        "address": "404, South 2nd Street, Lockhart, Union County, South Carolina, 29364, United States"
      }
    },
    {
      "geometry": {
        "type": "Point",
        "coordinates": [
          -88.50441883891106,
          32.41701593525145
        ]
      },
      "type": "Feature",
      "properties": {
        "name": "TOOMSUBA Post Office",
        "url": "https://tools.usps.com/find-location.htm?location=1438097",
        "address": "3936, Melvin Swain Road, Toomsuba, Lauderdale County, Mississippi, 39364, United States"
      }
    },
    {
      "geometry": {
        "type": "Point",
        "coordinates": [
          -87.44455942668071,
          40.7688474
        ]
      },
      "type": "Feature",
      "properties": {
        "name": "KENTLAND Post Office",
        "url": "https://tools.usps.com/find-location.htm?location=1368902",
        "address": "United States Post Office, 309, East Graham Street, Brook, Newton County, Indiana, 47951, United States"
      }
    },
    {
      "geometry": {
        "type": "Point",
        "coordinates": [
          -68.27019016847532,
          46.00892665
        ]
      },
      "type": "Feature",
      "properties": {
        "name": "ISLAND FALLS Post Office",
        "url": "https://tools.usps.com/find-location.htm?location=1368094",
        "address": "1009, Crystal Road, Island Falls, Aroostook County, Maine, 04747, United States"
      }
    },
    {
      "geometry": {
        "type": "Point",
        "coordinates": [
          -68.40467994987002,
          46.6312275
        ]
      },
      "type": "Feature",
      "properties": {
        "name": "ASHLAND Post Office",
        "url": "https://tools.usps.com/find-location.htm?location=1353499",
        "address": "Ashland Post Office, 14, Sheridan Road, Sheridan, Ashland, Aroostook County, Maine, 04732, United States"
      }
    },
    {
      "geometry": {
        "type": "Point",
        "coordinates": [
          -68.40467994987002,
          46.6312275
        ]
      },
      "type": "Feature",
      "properties": {
        "name": "ASHLAND Post Office",
        "url": "https://tools.usps.com/find-location.htm?location=1353499",
        "address": "Ashland Post Office, 14, Sheridan Road, Sheridan, Ashland, Aroostook County, Maine, 04732, United States"
      }
    },
    {
      "geometry": {
        "type": "Point",
        "coordinates": [
          -119.989952,
          38.1899232
        ]
      },
      "type": "Feature",
      "properties": {
        "name": "PINECREST Post Office",
        "url": "https://tools.usps.com/find-location.htm?location=1377564",
        "address": "Pinecrest Lake Road, Tuolumne County, CAL Fire Southern Region, California, 95364, United States"
      }
    },
    {
      "geometry": {
        "type": "Point",
        "coordinates": [
          -110.706401,
          38.3737755
        ]
      },
      "type": "Feature",
      "properties": {
        "name": "HANKSVILLE Post Office",
        "url": "https://tools.usps.com/find-location.htm?location=1366141",
        "address": "Hanksville, Wayne County, Utah, 84734, United States"
      }
    },
    {
      "geometry": {
        "type": "Point",
        "coordinates": [
          -89.3417785510204,
          37.90193482653061
        ]
      },
      "type": "Feature",
      "properties": {
        "name": "VERGENNES Post Office",
        "url": "https://tools.usps.com/find-location.htm?location=1385836",
        "address": "725, Hack Avenue, Vergennes, Jackson County, Illinois, 62994, United States"
      }
    },
    {
      "geometry": {
        "type": "Point",
        "coordinates": [
          -83.8055692057635,
          40.44049738806993
        ]
      },
      "type": "Feature",
      "properties": {
        "name": "HUNTSVILLE Post Office",
        "url": "https://tools.usps.com/find-location.htm?location=1367690",
        "address": "6493, Lima Street, Huntsville, McArthur Township, Logan County, Ohio, 43324, United States"
      }
    },
    {
      "geometry": {
        "type": "Point",
        "coordinates": [
          -123.6869278,
          38.9722788
        ]
      },
      "type": "Feature",
      "properties": {
        "name": "MANCHESTER Post Office",
        "url": "https://tools.usps.com/find-location.htm?location=1440585",
        "address": "Shoreline Highway, Manchester, Mendocino County, CAL Fire Northern Region, California, 95459, United States"
      }
    },
    {
      "geometry": {
        "type": "Point",
        "coordinates": [
          -110.968479,
          32.1941983877551
        ]
      },
      "type": "Feature",
      "properties": {
        "name": "SOUTH TUCSON Post Office",
        "url": "https://tools.usps.com/find-location.htm?location=1439531",
        "address": "2420, South 6th Avenue, South Tucson, Pima County, Arizona, 85713, United States"
      }
    },
    {
      "geometry": {
        "type": "Point",
        "coordinates": [
          -110.415976,
          39.543616
        ]
      },
      "type": "Feature",
      "properties": {
        "name": "EAST CARBON Post Office",
        "url": "https://tools.usps.com/find-location.htm?location=1361679",
        "address": "109, Whitmore Drive, East Carbon, Carbon County, Utah, 84520, United States"
      }
    },
    {
      "geometry": {
        "type": "Point",
        "coordinates": [
          -89.878386,
          38.32424
        ]
      },
      "type": "Feature",
      "properties": {
        "name": "NEW ATHENS Post Office",
        "url": "https://tools.usps.com/find-location.htm?location=1374626",
        "address": "200, Benton Street, New Athens, Saint Clair County, Illinois, 62264, United States"
      }
    },
    {
      "geometry": {
        "type": "Point",
        "coordinates": [
          -83.01566,
          41.12237
        ]
      },
      "type": "Feature",
      "properties": {
        "name": "REPUBLIC Post Office",
        "url": "https://tools.usps.com/find-location.htm?location=1379111",
        "address": "300, South Madison Street, Republic, Scipio Township, Seneca County, Ohio, 44867, United States"
      }
    },
    {
      "geometry": {
        "type": "Point",
        "coordinates": [
          -107.00882,
          37.2638949
        ]
      },
      "type": "Feature",
      "properties": {
        "name": "PAGOSA SPRINGS Post Office",
        "url": "https://tools.usps.com/find-location.htm?location=1376587",
        "address": "Pagosa Springs Post Office, 250, Hot Springs Boulevard, Pagosa Springs, Archuleta County, Colorado, 81147, United States"
      }
    },
    {
      "geometry": {
        "type": "Point",
        "coordinates": [
          -101.46401286689698,
          31.19153391505342
        ]
      },
      "type": "Feature",
      "properties": {
        "name": "BIG LAKE Post Office",
        "url": "https://tools.usps.com/find-location.htm?location=1354915",
        "address": "210, East 2nd Street, Big Lake, Reagan County, Texas, 76932, United States"
      }
    },
    {
      "geometry": {
        "type": "Point",
        "coordinates": [
          -91.01559969187001,
          42.29920023095034
        ]
      },
      "type": "Feature",
      "properties": {
        "name": "CASCADE Post Office",
        "url": "https://tools.usps.com/find-location.htm?location=1357193",
        "address": "305, 2nd Avenue Northwest, Cascade, Dubuque County, Iowa, 52033, United States"
      }
    },
    {
      "geometry": {
        "type": "Point",
        "coordinates": [
          -80.85298798126198,
          28.86403928995317
        ]
      },
      "type": "Feature",
      "properties": {
        "name": "OAK HILL Post Office",
        "url": "https://tools.usps.com/find-location.htm?location=1375719",
        "address": "129, West Halifax Avenue, Oak Hill, Volusia County, Florida, 32759, United States"
      }
    },
    {
      "geometry": {
        "type": "Point",
        "coordinates": [
          -119.55362133333333,
          45.352958666666666
        ]
      },
      "type": "Feature",
      "properties": {
        "name": "HEPPNER Post Office",
        "url": "https://tools.usps.com/find-location.htm?location=1366767",
        "address": "167, Main Street, Heppner, Morrow County, Oregon, 97836, United States"
      }
    },
    {
      "geometry": {
        "type": "Point",
        "coordinates": [
          -107.00882,
          37.2638949
        ]
      },
      "type": "Feature",
      "properties": {
        "name": "PAGOSA SPRINGS Post Office",
        "url": "https://tools.usps.com/find-location.htm?location=1376587",
        "address": "Pagosa Springs Post Office, 250, Hot Springs Boulevard, Pagosa Springs, Archuleta County, Colorado, 81147, United States",
        "store_id": 135
      }
    },
    {
      "geometry": {
        "type": "Point",
        "coordinates": [
          -101.46401286689698,
          31.19153391505342
        ]
      },
      "type": "Feature",
      "properties": {
        "name": "BIG LAKE Post Office",
        "url": "https://tools.usps.com/find-location.htm?location=1354915",
        "address": "210, East 2nd Street, Big Lake, Reagan County, Texas, 76932, United States",
        "store_id": 137
      }
    },
    {
      "geometry": {
        "type": "Point",
        "coordinates": [
          -91.01559969187001,
          42.29920023095034
        ]
      },
      "type": "Feature",
      "properties": {
        "name": "CASCADE Post Office",
        "url": "https://tools.usps.com/find-location.htm?location=1357193",
        "address": "305, 2nd Avenue Northwest, Cascade, Dubuque County, Iowa, 52033, United States",
        "store_id": 138
      }
    },
    {
      "geometry": {
        "type": "Point",
        "coordinates": [
          -80.85298798126198,
          28.86403928995317
        ]
      },
      "type": "Feature",
      "properties": {
        "name": "OAK HILL Post Office",
        "url": "https://tools.usps.com/find-location.htm?location=1375719",
        "address": "129, West Halifax Avenue, Oak Hill, Volusia County, Florida, 32759, United States",
        "store_id": 139
      }
    },
    {
      "geometry": {
        "type": "Point",
        "coordinates": [
          -119.55362133333333,
          45.352958666666666
        ]
      },
      "type": "Feature",
      "properties": {
        "name": "HEPPNER Post Office",
        "url": "https://tools.usps.com/find-location.htm?location=1366767",
        "address": "167, Main Street, Heppner, Morrow County, Oregon, 97836, United States",
        "store_id": 140
      }
    }
  ]
}